{"description":"HomePageTest - It should add Case Type|WCWRUI Homepage","passed":true,"pending":false,"os":"windows","sessionId":"97ba67acd590c32899dc1bf5bc69a31f","instanceId":54616,"browser":{"name":"chrome","version":"83.0.4103.116"},"message":"Passed","browserLogs":[{"level":"SEVERE","message":"https://test.westlawcourtwire.thomson.com/wcwr//rest//role/addOrUpdate - Failed to load resource: the server responded with a status of 500 (Internal Server Error)","timestamp":1593425573970,"type":""},{"level":"SEVERE","message":"https://test.westlawcourtwire.thomson.com/wcwr/main.1c8e5c9b0d846e2be100.bundle.js 0:3246224 \"Data Service - Handle Error -> \" Object","timestamp":1593425573970,"type":""}],"screenShotFile":"004d003c-0092-00ba-006a-000500bf003f.png","timestamp":1593425573959,"duration":9462}
