{"description":"HomePageTest - It should add Case Type|WCWRUI Homepage","passed":true,"pending":false,"os":"windows","sessionId":"b8fd2235693ec52d0bf34c669d77724a","instanceId":55572,"browser":{"name":"chrome","version":"83.0.4103.116"},"message":"Passed","browserLogs":[{"level":"SEVERE","message":"https://test.westlawcourtwire.thomson.com/wcwr//rest//role/addOrUpdate - Failed to load resource: the server responded with a status of 500 (Internal Server Error)","timestamp":1593458458754,"type":""},{"level":"SEVERE","message":"https://test.westlawcourtwire.thomson.com/wcwr/main.495ef5315c783d03710a.bundle.js 0:3245732 \"Data Service - Handle Error -> \" Object","timestamp":1593458458762,"type":""}],"screenShotFile":"0057007b-0000-0098-004f-005000870083.png","timestamp":1593458458957,"duration":9450}
